eta,max_depth,gamma,colsample_bytree,min_child_weight,subsample,nrounds,RMSE,Rsquared,MAE,RMSESD,RsquaredSD,MAESD
0.05,6,0,0.8,1,0.8,600,4610.169115242278,0.9548081965254184,2209.1459041798503,1278.485057809253,0.020318701896037007,538.2197108998021
0.08,6,0,0.8,1,0.8,600,4485.501862737867,0.9575751177778304,1993.0849234251893,1287.0997128430477,0.019399610453434385,559.09172926312
0.05,8,0,0.8,1,0.8,600,4477.4403195594805,0.9576747932818724,1963.0093751460693,1292.1548913961965,0.019816624925605916,562.8426389550182
0.08,8,0,0.8,1,0.8,600,4416.051458710461,0.9587274004430817,1809.1109197792139,1385.8171625225095,0.021223211066872135,605.1693721346351
0.05,6,0,0.8,1,0.8,900,4499.608488960936,0.9570759685207635,2018.8633925151655,1302.7172894024666,0.020228074613268997,561.1579122854071
0.08,6,0,0.8,1,0.8,900,4423.567477523376,0.9588128054396473,1871.2440999929713,1296.7335597270683,0.019327452273153644,577.8612504865114
0.05,8,0,0.8,1,0.8,900,4421.319179892234,0.9588118277922189,1835.97206497006,1308.5572039419328,0.01988403380884373,597.8224079447441
0.08,8,0,0.8,1,0.8,900,4403.55759689388,0.9590349736627326,1752.238886063077,1395.8190669924206,0.02119480147117814,626.163435394364
0.05,6,0,0.8,1,0.8,1200,4458.259729254016,0.9579308584511027,1920.3574283813148,1319.293008198791,0.02028230899254948,579.2218173915421
0.08,6,0,0.8,1,0.8,1200,4405.864161643661,0.9592186013562305,1820.619171740485,1308.2190060550015,0.019372435071873292,591.7875718538182
0.05,8,0,0.8,1,0.8,1200,4409.018220571064,0.9590949827942031,1784.9127551291272,1316.1541337318538,0.01984908835252773,611.8555419817075
0.08,8,0,0.8,1,0.8,1200,4391.742962213759,0.9592853273517714,1727.9457196395151,1389.8753383360201,0.02097620496979111,632.6604736748865
