scenario,sensitivity,policy,demand_case,re_cost_case,ccs_case,nuclear_case,ng_case,transmission_case,dac_allowed,re_resource_case
Adv_CCS_CO2e_100by2035,Adv_CCS,Decarb_CO2e_100by2035,reference,moderate,advanced,moderate,reference,reference,no,default
Adv_NG_CO2e_100by2035,Adv_NG,Decarb_CO2e_100by2035,reference,moderate,moderate,moderate,Adv_NG,reference,no,default
Adv_Nuclear_CO2e_100by2035,Adv_Nuclear,Decarb_CO2e_100by2035,reference,moderate,moderate,advanced,reference,reference,no,default
Adv_RE_CO2e_100by2035,Adv_RE,Decarb_CO2e_100by2035,reference,advanced,moderate,moderate,reference,reference,no,default
Con_CCS_CO2e_100by2035,Con_CCS,Decarb_CO2e_100by2035,reference,moderate,conservative,moderate,reference,reference,no,default
Con_NG_CO2e_100by2035,Con_NG,Decarb_CO2e_100by2035,reference,moderate,moderate,moderate,Con_NG,reference,no,default
Con_Nuclear_CO2e_100by2035,Con_Nuclear,Decarb_CO2e_100by2035,reference,moderate,moderate,conservative,reference,reference,no,default
Con_RE_CO2e_100by2035,Con_RE,Decarb_CO2e_100by2035,reference,conservative,moderate,moderate,reference,reference,no,default
DAC_CO2e_100by2035,DAC,Decarb_CO2e_100by2035,reference,moderate,moderate,moderate,reference,reference,yes,default
DC_Tran_CO2e_100by2035,DC_Trans,Decarb_CO2e_100by2035,reference,moderate,moderate,moderate,reference,high,no,default
High_Demand_Growth_CO2e_100by2035,High_Demand_Growth,Decarb_CO2e_100by2035,high,moderate,moderate,moderate,reference,reference,no,default
High_H2_CO2e_100by2035,High_H2,Decarb_CO2e_100by2035,reference_demand_plus_hydrogen,moderate,moderate,moderate,reference,reference,no,default
High_H2_and_Demand_CO2e_100by2035,High_H2_and_Demand,Decarb_CO2e_100by2035,high_demand_plus_hydrogen,moderate,moderate,moderate,reference,reference,no,default
Limited_Trans_CO2e_100by2035,Limited_Trans,Decarb_CO2e_100by2035,reference,moderate,moderate,moderate,reference,low,no,default
Low_Demand_Growth_CO2e_100by2035,Low_Demand_Growth,Decarb_CO2e_100by2035,low,moderate,moderate,moderate,reference,reference,no,default
Mid_Case_CO2e_100by2035,Mid_Case,Decarb_CO2e_100by2035,reference,moderate,moderate,moderate,reference,reference,no,default
Reduced_RE_Resource_CO2e_100by2035,Reduced_RE_Resource,Decarb_CO2e_100by2035,reference,moderate,moderate,moderate,reference,reference,no,reduced
Adv_CCS_No_TC_Expiration,Adv_CCS,No_TC_Expiration,reference,moderate,advanced,moderate,reference,reference,no,default
Adv_NG_No_TC_Expiration,Adv_NG,No_TC_Expiration,reference,moderate,moderate,moderate,Adv_NG,reference,no,default
Adv_Nuclear_No_TC_Expiration,Adv_Nuclear,No_TC_Expiration,reference,moderate,moderate,advanced,reference,reference,no,default
Adv_RE_No_TC_Expiration,Adv_RE,No_TC_Expiration,reference,advanced,moderate,moderate,reference,reference,no,default
Con_CCS_No_TC_Expiration,Con_CCS,No_TC_Expiration,reference,moderate,conservative,moderate,reference,reference,no,default
Con_NG_No_TC_Expiration,Con_NG,No_TC_Expiration,reference,moderate,moderate,moderate,Con_NG,reference,no,default
Con_Nuclear_No_TC_Expiration,Con_Nuclear,No_TC_Expiration,reference,moderate,moderate,conservative,reference,reference,no,default
Con_RE_No_TC_Expiration,Con_RE,No_TC_Expiration,reference,conservative,moderate,moderate,reference,reference,no,default
DAC_No_TC_Expiration,DAC,No_TC_Expiration,reference,moderate,moderate,moderate,reference,reference,yes,default
DC_Trans_No_TC_Expiration,DC_Trans,No_TC_Expiration,reference,moderate,moderate,moderate,reference,high,no,default
High_Demand_Growth_No_TC_Expiration,High_Demand_Growth,No_TC_Expiration,high,moderate,moderate,moderate,reference,reference,no,default
High_H2_No_TC_Expiration,High_H2,No_TC_Expiration,reference_demand_plus_hydrogen,moderate,moderate,moderate,reference,reference,no,default
High_H2_and_Demand_No_TC_Expiration,High_H2_and_Demand,No_TC_Expiration,high_demand_plus_hydrogen,moderate,moderate,moderate,reference,reference,no,default
Limited_Trans_No_TC_Expiration,Limited_Trans,No_TC_Expiration,reference,moderate,moderate,moderate,reference,low,no,default
Low_Demand_Growth_No_TC_Expiration,Low_Demand_Growth,No_TC_Expiration,low,moderate,moderate,moderate,reference,reference,no,default
Mid_Case_No_TC_Expiration,Mid_Case,No_TC_Expiration,reference,moderate,moderate,moderate,reference,reference,no,default
Reduced_RE_Resource_No_TC_Expiration,Reduced_RE_Resource,No_TC_Expiration,reference,moderate,moderate,moderate,reference,reference,no,reduced
Adv_CCS,Adv_CCS,currentPolicies,reference,moderate,advanced,moderate,reference,reference,no,default
Adv_NG,Adv_NG,currentPolicies,reference,moderate,moderate,moderate,Adv_NG,reference,no,default
Adv_Nuclear,Adv_Nuclear,currentPolicies,reference,moderate,moderate,advanced,reference,reference,no,default
Adv_RE,Adv_RE,currentPolicies,reference,advanced,moderate,moderate,reference,reference,no,default
Con_CCS,Con_CCS,currentPolicies,reference,moderate,conservative,moderate,reference,reference,no,default
Con_NG,Con_NG,currentPolicies,reference,moderate,moderate,moderate,Con_NG,reference,no,default
Con_Nuclear,Con_Nuclear,currentPolicies,reference,moderate,moderate,conservative,reference,reference,no,default
Con_RE,Con_RE,currentPolicies,reference,conservative,moderate,moderate,reference,reference,no,default
DAC,DAC,currentPolicies,reference,moderate,moderate,moderate,reference,reference,yes,default
DC_Trans,DC_Trans,currentPolicies,reference,moderate,moderate,moderate,reference,high,no,default
High_Demand_Growth,High_Demand_Growth,currentPolicies,high,moderate,moderate,moderate,reference,reference,no,default
High_H2,High_H2,currentPolicies,reference_demand_plus_hydrogen,moderate,moderate,moderate,reference,reference,no,default
High_H2_and_Demand,High_H2_and_Demand,currentPolicies,high_demand_plus_hydrogen,moderate,moderate,moderate,reference,reference,no,default
Limited_Trans,Limited_Trans,currentPolicies,reference,moderate,moderate,moderate,reference,low,no,default
Low_Demand_Growth,Low_Demand_Growth,currentPolicies,low,moderate,moderate,moderate,reference,reference,no,default
Mid_Case,Mid_Case,currentPolicies,reference,moderate,moderate,moderate,reference,reference,no,default
Reduced_RE_Resource,Reduced_RE_Resource,currentPolicies,reference,moderate,moderate,moderate,reference,reference,no,reduced
