scenario,sensitivity,policy,Dataset_Role
Adv_CCS_CO2e_100by2035,Adv_CCS,Decarb_CO2e_100by2035,Training
Adv_CCS_No_TC_Expiration,Adv_CCS,No_TC_Expiration,Test
Adv_CCS,Adv_CCS,currentPolicies,Training
Adv_NG_CO2e_100by2035,Adv_NG,Decarb_CO2e_100by2035,Test
Adv_NG_No_TC_Expiration,Adv_NG,No_TC_Expiration,Training
Adv_NG,Adv_NG,currentPolicies,Training
Adv_Nuclear_CO2e_100by2035,Adv_Nuclear,Decarb_CO2e_100by2035,Test
Adv_Nuclear_No_TC_Expiration,Adv_Nuclear,No_TC_Expiration,Training
Adv_Nuclear,Adv_Nuclear,currentPolicies,Training
Adv_RE_CO2e_100by2035,Adv_RE,Decarb_CO2e_100by2035,Training
Adv_RE_No_TC_Expiration,Adv_RE,No_TC_Expiration,Training
Adv_RE,Adv_RE,currentPolicies,Test
Con_CCS_CO2e_100by2035,Con_CCS,Decarb_CO2e_100by2035,Training
Con_CCS_No_TC_Expiration,Con_CCS,No_TC_Expiration,Training
Con_CCS,Con_CCS,currentPolicies,Test
Con_NG_CO2e_100by2035,Con_NG,Decarb_CO2e_100by2035,Test
Con_NG_No_TC_Expiration,Con_NG,No_TC_Expiration,Training
Con_NG,Con_NG,currentPolicies,Training
Con_Nuclear_CO2e_100by2035,Con_Nuclear,Decarb_CO2e_100by2035,Training
Con_Nuclear_No_TC_Expiration,Con_Nuclear,No_TC_Expiration,Test
Con_Nuclear,Con_Nuclear,currentPolicies,Training
Con_RE_CO2e_100by2035,Con_RE,Decarb_CO2e_100by2035,Test
Con_RE_No_TC_Expiration,Con_RE,No_TC_Expiration,Training
Con_RE,Con_RE,currentPolicies,Training
DAC_CO2e_100by2035,DAC,Decarb_CO2e_100by2035,Training
DAC_No_TC_Expiration,DAC,No_TC_Expiration,Test
DAC,DAC,currentPolicies,Training
DC_Tran_CO2e_100by2035,DC_Trans,Decarb_CO2e_100by2035,Training
DC_Trans_No_TC_Expiration,DC_Trans,No_TC_Expiration,Training
DC_Trans,DC_Trans,currentPolicies,Test
High_Demand_Growth_CO2e_100by2035,High_Demand_Growth,Decarb_CO2e_100by2035,Training
High_Demand_Growth_No_TC_Expiration,High_Demand_Growth,No_TC_Expiration,Training
High_Demand_Growth,High_Demand_Growth,currentPolicies,Test
High_H2_CO2e_100by2035,High_H2,Decarb_CO2e_100by2035,Test
High_H2_No_TC_Expiration,High_H2,No_TC_Expiration,Training
High_H2,High_H2,currentPolicies,Training
High_H2_and_Demand_CO2e_100by2035,High_H2_and_Demand,Decarb_CO2e_100by2035,Training
High_H2_and_Demand_No_TC_Expiration,High_H2_and_Demand,No_TC_Expiration,Test
High_H2_and_Demand,High_H2_and_Demand,currentPolicies,Training
Limited_Trans_CO2e_100by2035,Limited_Trans,Decarb_CO2e_100by2035,Training
Limited_Trans_No_TC_Expiration,Limited_Trans,No_TC_Expiration,Test
Limited_Trans,Limited_Trans,currentPolicies,Training
Low_Demand_Growth_CO2e_100by2035,Low_Demand_Growth,Decarb_CO2e_100by2035,Training
Low_Demand_Growth_No_TC_Expiration,Low_Demand_Growth,No_TC_Expiration,Training
Low_Demand_Growth,Low_Demand_Growth,currentPolicies,Test
Mid_Case_CO2e_100by2035,Mid_Case,Decarb_CO2e_100by2035,Test
Mid_Case_No_TC_Expiration,Mid_Case,No_TC_Expiration,Training
Mid_Case,Mid_Case,currentPolicies,Training
Reduced_RE_Resource_CO2e_100by2035,Reduced_RE_Resource,Decarb_CO2e_100by2035,Training
Reduced_RE_Resource_No_TC_Expiration,Reduced_RE_Resource,No_TC_Expiration,Training
Reduced_RE_Resource,Reduced_RE_Resource,currentPolicies,Test
