scenario,sensitivity,policy,RMSE_Mt,MAE_Mt,mean_actual_Mt
Con_RE_CO2e_100by2035,Con_RE,Decarb_CO2e_100by2035,4.402177977981275,2.7030597828748935,7.355685351851852
Adv_NG_CO2e_100by2035,Adv_NG,Decarb_CO2e_100by2035,3.791967749479777,2.1702378262416406,7.24518014375
Adv_Nuclear_CO2e_100by2035,Adv_Nuclear,Decarb_CO2e_100by2035,3.592648295109376,1.5902029638562498,7.397109903472222
Con_NG_CO2e_100by2035,Con_NG,Decarb_CO2e_100by2035,3.3059467427685716,2.0627792690586237,7.369788083333333
High_H2_CO2e_100by2035,High_H2,Decarb_CO2e_100by2035,3.2899070646544,1.8287623214948545,7.7040103226851855
High_H2_and_Demand_No_TC_Expiration,High_H2_and_Demand,No_TC_Expiration,3.1285217690706792,1.8228931350133737,20.30353055763889
High_Demand_Growth,High_Demand_Growth,currentPolicies,3.0353357261435123,1.8368276420092917,18.24749030138889
Adv_CCS_No_TC_Expiration,Adv_CCS,No_TC_Expiration,2.5640580751965456,1.2914566930870208,15.147422179629629
DC_Trans,DC_Trans,currentPolicies,2.5011899811360316,1.1998327874795176,15.082476569907408
Adv_RE,Adv_RE,currentPolicies,2.46755592352807,1.178936789718339,14.718617636574074
Low_Demand_Growth,Low_Demand_Growth,currentPolicies,2.4134638352552678,1.1161803038128484,14.307145048842592
Reduced_RE_Resource,Reduced_RE_Resource,currentPolicies,2.3613282618735987,1.3274280273247578,17.076600890046297
Con_CCS,Con_CCS,currentPolicies,2.268639209287818,1.014068376083462,15.840076544212963
Limited_Trans_No_TC_Expiration,Limited_Trans,No_TC_Expiration,2.178195239744197,1.0332376692836092,16.57418720763889
DAC_No_TC_Expiration,DAC,No_TC_Expiration,1.786245464656283,0.7746741716046038,15.750654116898149
Mid_Case_CO2e_100by2035,Mid_Case,Decarb_CO2e_100by2035,1.7843509004765394,0.8018342213543427,7.409886743518518
Con_Nuclear_No_TC_Expiration,Con_Nuclear,No_TC_Expiration,1.7683020851491342,0.6173578738808854,15.816782335185184
