scenario,sensitivity,policy,RMSE_MW,MAE_MW,actual_mean_MW
Adv_Nuclear_CO2e_100by2035,Adv_Nuclear,Decarb_CO2e_100by2035,6847.040636260766,2701.7737409538695,10405.341666666667
High_H2_and_Demand_No_TC_Expiration,High_H2_and_Demand,No_TC_Expiration,4266.617321137256,1483.146507800067,16729.033101851852
High_H2_CO2e_100by2035,High_H2,Decarb_CO2e_100by2035,4231.5328955539935,2445.1046229238864,15270.228703703704
Con_RE_CO2e_100by2035,Con_RE,Decarb_CO2e_100by2035,3535.4030579033088,1976.9844375689825,11475.002314814816
Con_NG_CO2e_100by2035,Con_NG,Decarb_CO2e_100by2035,3293.0902847806274,1729.1813183051568,12992.810185185184
Adv_RE,Adv_RE,currentPolicies,2698.4573310340343,1141.5457843780518,11735.922222222222
Low_Demand_Growth,Low_Demand_Growth,currentPolicies,2575.1668572706253,1069.2647874108068,9710.892592592592
High_Demand_Growth,High_Demand_Growth,currentPolicies,2426.5235767238805,1288.4425133713416,14120.218055555555
Con_CCS,Con_CCS,currentPolicies,2125.5834881325122,835.0741100064031,11728.905324074074
Adv_NG_CO2e_100by2035,Adv_NG,Decarb_CO2e_100by2035,2011.1605129429645,986.4247022840713,12454.321296296297
Adv_CCS_No_TC_Expiration,Adv_CCS,No_TC_Expiration,1844.5279947987578,755.3973503942842,11349.889583333334
Mid_Case_CO2e_100by2035,Mid_Case,Decarb_CO2e_100by2035,1732.7671714434691,803.9020075166667,12643.245833333334
DC_Trans,DC_Trans,currentPolicies,1624.8395505630758,810.5819882931532,11561.38587962963
Limited_Trans_No_TC_Expiration,Limited_Trans,No_TC_Expiration,1624.8103651801557,741.7309694778037,11588.898148148148
DAC_No_TC_Expiration,DAC,No_TC_Expiration,1511.3066922555508,613.4872887913828,11692.024074074074
Reduced_RE_Resource,Reduced_RE_Resource,currentPolicies,1494.9362519326633,743.4825925297207,11854.25138888889
Con_Nuclear_No_TC_Expiration,Con_Nuclear,No_TC_Expiration,1233.8166452864193,473.2124097329599,11639.04074074074